{
  "co": [
    0.11915552914142609,
    0.09794047445058823,
    0.13577912226319314,
    0.1359928347170353,
    0.1583969433605671,
    0.17015114337205886,
    0.1718132844567299,
    0.23246787384152412,
    0.2337355348467827,
    0.25605749964714053,
    0.27294063299894333,
    0.2500323887169361,
    0.28123366951942447,
    0.3034501928091049
  ],
  "no2": [
    5.127281253039837,
    4.708168491721153,
    0.939319334924221,
    8.216746981441975,
    3.029826946854591,
    6.843093926608563,
    5.060909409075975,
    9.091294767856597,
    0.8371847972273827,
    10.053121361881495,
    1.593762139379978,
    10.55314141213894,
    1.3753128308057785,
    10.82702233865857
  ],
  "o3": [
    2.464338585752994,
    5.893945144489407,
    7.057050661724061,
    8.680858529619872,
    7.6942689984291786,
    5.350830126553774,
    6.205706313215195,
    9.083363380990923,
    11.922230881527065,
    12.302154363468288,
    15.60803291656077,
    10.656513738408684,
    15.204713710770012,
    14.307924568355084
  ],
  "so2": [
    15.884782746583221,
    18.04966545909643,
    15.865267157405613,
    19.62050546467304,
    17.727564553469417,
    19.479612240195273,
    19.71904757708311,
    23.04766659528017,
    23.55076829612255,
    26.752636500000953,
    31.09428420394659,
    30.44769539743662,
    32.91549717634916,
    30.469373530149458
  ],
  "pm25": [
    27.829932334423066,
    24.41945647776127,
    28.04224799633026,
    25.903257305026056,
    27.69300346136093,
    27.98692093372345,
    27.244698123931887,
    26.554565476179125,
    28.153738842010497,
    29.085647044181826,
    30.22394917011261,
    29.414184904098512,
    30.544404482841493,
    31.060035626888276
  ],
  "pm10": [
    33.160103255212306,
    30.75584956049919,
    31.247522500157356,
    33.5363389775157,
    34.28490474402904,
    35.25226837962866,
    36.38901122570038,
    32.417265406847,
    36.789624402225016,
    33.565295078754424,
    36.489517137110234,
    32.42020311594009,
    37.355499079823495,
    31.209292334020137
  ]
}