{
    "units": 86.0,
    "dropout": 0.45799420087325726,
    "learning_rate": 0.004315057195589196,
    "epochs": 40.0,
    "batch_size": 32,
    "lags": [1, 6, 14]
}