{
    "units": 54.49746609237051,
    "dropout": 0.4682250953481997,
    "learning_rate": 0.004336859390301493,
    "epochs": 66.02996588182704,
    "batch_size": 32,
    "lags": [1, 2, 3]
}