{
    "units": 105.4050795548151,
    "dropout": 0.2947996336486679,
    "learning_rate": 0.0037353460760079903,
    "epochs": 64.85906057829655,
    "batch_size": 32,
    "lags": [1, 3, 5]
}