{
    "units": 95.0,
    "dropout": 0.2480639331525435,
    "learning_rate": 0.001409361483165721,
    "epochs": 58.0,
    "batch_size": 32,
    "lags": [1, 2, 3]
}