{
    "units": 64.0,
    "dropout": 0.4750461615487089,
    "learning_rate": 0.00191314532487042,
    "epochs": 38.0,
    "batch_size": 32,
    "lags": [1, 7, 14]
}