{
    "units": 102.7492287318847,
    "dropout": 0.2922383430468437,
    "learning_rate": 0.004156378515082628,
    "epochs": 52.09487598541454,
    "batch_size": 32,
    "lags": [1, 2, 4]
}